id;dc:identifier;dc:title;webct:descripcion;webct:masinfo;geo:long;geo:lat;webct:foto;webct:mapa
https://www.cartagena.es/api/callejero/csv.asp?cat=41_1573;1573;OMITA Los Belones;Plaza La Iglesia<br /> 30385 Rincon de San Gines, Los Belones<br /> Tlfno: 968 137 750<br /> E-mail: losbelones@ayto-cartagena.es;http://www.cartagena.es/omitas;-0.776291399999991;376.226.974;;https://www.cartagena.es/callejero/verpunto.asp?id=1573
https://www.cartagena.es/api/callejero/csv.asp?cat=41_1548;1548;Espacio de Ocio  de Pozo Estrecho;Avenida de la Fuente, 40<br /> 30394 Pozo Estrecho<br /> Tlfno: 968 128 826<br /> E-mail: prevencion1.ssociales@ayto-cartagena.es;https://www.cartagena.es/edificiosMunicipales_detalle.asp?id=102&texto=;-0.9968153153117782;3.771.160.490.082.130;;https://www.cartagena.es/callejero/verpunto.asp?id=1548
https://www.cartagena.es/api/callejero/csv.asp?cat=41_1549;1549;Escuela de Educación  Infantil Vista Alegre;C/ Miguel de Cervantes, s/n<br /> 30392 Alumbres, Vista Alegre<br /> Tlfno: 968 529 630;https://www.cartagena.es/edificiosMunicipales_detalle.asp?id=88&texto=;-0.9431515999999647;376.076.968;;https://www.cartagena.es/callejero/verpunto.asp?id=1549
https://www.cartagena.es/api/callejero/csv.asp?cat=41_1551;1551;IMSEL Isla Plana;"Ctra La Azoh&iacute;a km 4,5<br /> 30868 Los Puertos, Isla Plana<br /> Tlfno: 968 152 152<br /> E-mail: serviplana1@terra.es";https://www.cartagena.es/edificiosMunicipales_detalle.asp?id=157&texto=;-11.966.809.602.909.000;3.757.755.203.035.540;;https://www.cartagena.es/callejero/verpunto.asp?id=1551
https://www.cartagena.es/api/callejero/csv.asp?cat=41_1592;1592;Pabellón Urban;C/ Sor Francisco Armendariz, s/n<br /> 30202 Cartagena<br /> Tlfno: 968 523 697;https://www.cartagena.es/edificiosMunicipales_detalle.asp?id=77&texto=;-0.9810608000000229;376.052.946;;https://www.cartagena.es/callejero/verpunto.asp?id=1592
https://www.cartagena.es/api/callejero/csv.asp?cat=41_1567;1567;OMITA La Manga;"Gran V&iacute;a, s/n, Km. 1, Pza. de Europa, Edif.<br /> 30380 Rincon de San Gin&eacute;s, La Manga del Mar Menor<br /> Tlfno: 968 564 951<br /> E-mail: LaManga@ayto-cartagena.es";http://www.cartagena.es/omitas;-0.7204750521540291;37.655.194.454.790.000;;https://www.cartagena.es/callejero/verpunto.asp?id=1567
https://www.cartagena.es/api/callejero/csv.asp?cat=41_1578;1578;Pabellón Cabezo Beaza;Avda. Luxemburgo, s/n<br /> 30353 Cartagena<br /> Tlfno: 968 128 900;https://www.cartagena.es/edificiosMunicipales_detalle.asp?id=141&texto=;-0.9556993338558186;3.761.786.293.441.480;;https://www.cartagena.es/callejero/verpunto.asp?id=1578
https://www.cartagena.es/api/callejero/csv.asp?cat=41_1579;1579;Pabellón Canteras;"Plaza Pico Roldan, s/n<br /> 30394 Canteras<br /> Tlfno: 968 162 628<br /> &nbsp;";https://www.cartagena.es/edificiosMunicipales_detalle.asp?id=62&texto=;-10.427.346.200.073.000;3.761.111.529.672.260;;https://www.cartagena.es/callejero/verpunto.asp?id=1579
https://www.cartagena.es/api/callejero/csv.asp?cat=41_1590;1590;Pabellón Virgen del Carmen;C/ Doctor Perez Espejo, s/n<br /> 30203 Cartagena<br /> Tlfno: 968 312 912;https://www.cartagena.es/edificiosMunicipales_detalle.asp?id=78&texto=;-0.978053237803806;3.760.762.557.879.110;;https://www.cartagena.es/callejero/verpunto.asp?id=1590
https://www.cartagena.es/api/callejero/csv.asp?cat=41_1593;1593;P.A.I. La Puebla;"Gestionado por: Concepci&oacute;n Montoya L&oacute;pez<br /> C/ Ge&oacute;grafo<br /> 30395 Lentiscar, La Puebla<br /> Tlfno: 652 668 621<br /> E-mail: escuelainfantilyogui@hotmail.es";https://www.cartagena.es/edificiosMunicipales_detalle.asp?id=149&texto=;-0.9215791999999965;377.197.977;;https://www.cartagena.es/callejero/verpunto.asp?id=1593
https://www.cartagena.es/api/callejero/csv.asp?cat=41_152;152;Edificio Ronda  Ciudad de la Unión;"<p>Ronda Ciudad de la Uni&oacute;n, 4<br /> 30203 Cartagena</p> ";https://www.cartagena.es/edificiosMunicipales_detalle.asp?id=55&texto=;-0.9778437282806474;3.761.063.708.581.230;https://www.cartagena.es/callejero/accDescargarFotoMini.asp?foto=212;https://www.cartagena.es/callejero/verpunto.asp?id=152
https://www.cartagena.es/api/callejero/csv.asp?cat=41_158;158;Centro  Acogida de Animales ;<p>Paraje la Asomada<br /> Molinos Gallegos, s/n<br /> 30395 San Felix<br /> Tlfno: 968 321 200<br /> E-mail: catad@ayto-cartagena.es</p> ;http://catad.cartagena.es/;-0.9712100188964801;37.632.564.179.064.300;https://www.cartagena.es/callejero/accDescargarFotoMini.asp?foto=217;https://www.cartagena.es/callejero/verpunto.asp?id=158
https://www.cartagena.es/api/callejero/csv.asp?cat=41_1534;1534;Escuela de Educación  Infantil Barrio Peral;"Plaza Canthal, 2<br /> 30300 San Antonio Abad, Barrio de Peral<br /> Tlfno: 968 531 017<br /> &nbsp;";https://www.cartagena.es/edificiosMunicipales_detalle.asp?id=87&texto=;-0.9911573298579697;3.762.488.932.344.390;;https://www.cartagena.es/callejero/verpunto.asp?id=1534
https://www.cartagena.es/api/callejero/csv.asp?cat=41_1535;1535;Escuela de Educación  Infantil La Concepción ;"C/ Peroni&ntilde;o, 68<br /> 30205 San Antonio Abad, Barrio Concepci&oacute;n<br /> Tlfno: 968 509 050";https://www.cartagena.es/edificiosMunicipales_detalle.asp?id=85&texto=;-0.9970528271855983;3.760.572.777.153.050;;https://www.cartagena.es/callejero/verpunto.asp?id=1535
https://www.cartagena.es/api/callejero/csv.asp?cat=41_1538;1538;Escuela de Educación  Infantil San Isidoro (Los Mateos);C/ Santa Trinidad, s/n<br /> 30205 Santa Lucia | Mateos<br /> Tlfno: 968 509 053;https://www.cartagena.es/edificiosMunicipales_detalle.asp?id=93&texto=;-0.9685102436699253;376.031.175.813.907;;https://www.cartagena.es/callejero/verpunto.asp?id=1538
https://www.cartagena.es/api/callejero/csv.asp?cat=41_1601;1601;Piscina Municipal Cubierta;C/ Wssell de Guimbarda, 40<br /> 30204 Cartagena<br /> Tlfno: 968 082 400;https://www.cartagena.es/edificiosMunicipales_detalle.asp?id=80&texto=;-0.9865489999999681;376.120.653;;https://www.cartagena.es/callejero/verpunto.asp?id=1601
https://www.cartagena.es/api/callejero/csv.asp?cat=41_1501;1501;ALA de Canteras;Mayor 148-149<br /> 30394 Cartagena<br /> Tlfno: 968 553 067<br /> E-mail: alacanteras@ayto-cartagena.es;http://juventud.cartagena.es/informajoven/alas.asp;-10.481.510.455.585.900;3.761.144.346.831.700;;https://www.cartagena.es/callejero/verpunto.asp?id=1501
https://www.cartagena.es/api/callejero/csv.asp?cat=41_147;147;Palacio Consistorial ;<p> Plaza del Ayuntamiento, 1</p> ;http://www.cartagena.es/frontend/ayuntamiento/edificios_detalle/_qfq9tTqCqwwNso0lvMvAQ9KsmItHaR993ggU5gINsil_ZrTT0QVmyA;-0.9857170809509363;37.598.952.081.734.000;;https://www.cartagena.es/callejero/verpunto.asp?id=147
https://www.cartagena.es/api/callejero/csv.asp?cat=41_148;148;Palacio Molina;<p> C/ Jara, 28</p> ;http://www.cartagena.es/frontend/ayuntamiento/edificios_detalle/_qfq9tTqCqwwNso0lvMvAQ9KsmItHaR99Xy5FNF3j0TCvWbUa-uJ3TA;-0.9857102571472143;3.760.161.608.177.170;;https://www.cartagena.es/callejero/verpunto.asp?id=148
https://www.cartagena.es/api/callejero/csv.asp?cat=41_161;161;Parque Maestranza de Artillería ;"<p>Plaza Puerta de La Serreta,&nbsp;s/n.</p> ";http://www.cartagena.es/frontend/ayuntamiento/edificios_detalle/_qfq9tTqCqwwNso0lvMvAQ9KsmItHaR993ggU5gINsilINt1kKV3uXQ;-0.9851465748687804;3.760.454.669.982.660;;https://www.cartagena.es/callejero/verpunto.asp?id=161
https://www.cartagena.es/api/callejero/csv.asp?cat=41_150;150;Edificio La Milagrosa ;<p>C/ Sor Francisca Armendariz, s/n<br /> 30202 Cartagena<br /> Tlfno: 968 128 826</p> ;https://www.cartagena.es/edificiosMunicipales_detalle.asp?id=56&texto=;-0.9798307863693179;37.604.344.604.423.100;https://www.cartagena.es/callejero/accDescargarFotoMini.asp?foto=211;https://www.cartagena.es/callejero/verpunto.asp?id=150
https://www.cartagena.es/api/callejero/csv.asp?cat=41_153;153;Centro Cultural   Ramón Alonso Luzzy;<p>Jacinto Benavente, 7<br /> 30203 Cartagena</p> ;https://www.cartagena.es/edificiosMunicipales_detalle.asp?id=2&texto=;-0.9795771295410161;37.608.317.154.550.200;;https://www.cartagena.es/callejero/verpunto.asp?id=153
https://www.cartagena.es/api/callejero/csv.asp?cat=41_154;154;Centro de Equipos  y Recursos Educativos;<p>C/ Ribera de San Javier, 13<br /> 30203 Cartagena</p> ;https://www.cartagena.es/edificiosMunicipales_detalle.asp?id=118&texto=;-0.9841844227191876;376.151.764.105.299;https://www.cartagena.es/callejero/accDescargarFotoMini.asp?foto=214;https://www.cartagena.es/callejero/verpunto.asp?id=154
https://www.cartagena.es/api/callejero/csv.asp?cat=41_160;160;Depósito  Municipal de Vehículos;"<p>Carretera de la Asomada s/n<br /> (Detr&aacute;s del colegio de la Asomada)<br /> 30395 Cartagena<br /> Tlfno: 968 524 451</p> ";https://www.cartagena.es/edificiosMunicipales_detalle.asp?id=152&texto=;-0.9697830837005572;3.763.041.450.215.030;;https://www.cartagena.es/callejero/verpunto.asp?id=160
https://www.cartagena.es/api/callejero/csv.asp?cat=41_1502;1502;ALA El Algar;"Santillana del Mar, s/n<br /> 30366 El Algar<br /> Tlfno: 968 135 110<br /> E-mail: alalgar@alascartagena.com<br /> &nbsp;";http://juventud.cartagena.es/informajoven/alas.asp;-0.8687614000000394;376.498.012;;https://www.cartagena.es/callejero/verpunto.asp?id=1502
https://www.cartagena.es/api/callejero/csv.asp?cat=41_254;254;Consejo  Económico Administrativo;"<p>&nbsp;</p>  <p>Edificio San Miguel C/ San Miguel n&ordm; 8.<br /> 30201 - Cartagena (Espa&ntilde;a)<br /> <br /> Tfno: +34 968 12 89 72</p> ";https://www.cartagena.es/edificiosMunicipales_listado.asp;-0.9849598664093264;37.601.001.478.517.000;;https://www.cartagena.es/callejero/verpunto.asp?id=254
https://www.cartagena.es/api/callejero/csv.asp?cat=41_149;149;Edificio San Miguel ;<p>C/ San Miguel, 8<br /> 30201 Cartagena<br /> Tlfno: 968 128 800</p> ;https://www.cartagena.es/edificiosMunicipales_detalle.asp?id=117&texto=;-0.9850559727630626;3.760.096.440.265.290;https://www.cartagena.es/callejero/accDescargarFotoMini.asp?foto=213;https://www.cartagena.es/callejero/verpunto.asp?id=149
https://www.cartagena.es/api/callejero/csv.asp?cat=41_1503;1503;ALA Jose Mª Lapuerta;"Bail&eacute;n, 17<br /> 30300 Cartagena<br /> Tlfno: 968 518 879<br /> E-mail: alajmlapuerta@ayto-cartagena.es";http://juventud.cartagena.es/informajoven/alas.asp;-0.982073408894621;37.625.397.493.069.700;;https://www.cartagena.es/callejero/verpunto.asp?id=1503
https://www.cartagena.es/api/callejero/csv.asp?cat=41_1514;1514;Biblioteca   Polígono Santa Ana ;C/ Padua, 7<br /> 30310 Pol. de Sta. Ana. Cartagena<br /> Tfno: 968 126 830<br /> E-mail: iob84w@ayto-cartagena.es;https://bibliotecas.cartagena.es/bibliotecas_municipales.asp?idbiblioteca=44;-10.132.724.206.680.200;3.765.223.125.985.180;;https://www.cartagena.es/callejero/verpunto.asp?id=1514
https://www.cartagena.es/api/callejero/csv.asp?cat=41_1530;1530;Destacamento de Los  Dolores (Policía Local);Castillo del buen amor, s/n<br /> 30310 Los Dolores<br /> Tlfno: 968 535 874<br /> E-mail: basedolores@ayto-cartagena.es;https://www.cartagena.es/edificiosMunicipales_detalle.asp?id=174&texto=;-10.037.325.332.045.800;37.634.929.092.699.100;;https://www.cartagena.es/callejero/verpunto.asp?id=1530
https://www.cartagena.es/api/callejero/csv.asp?cat=41_245;245;ADLE / Agencia de Colocación;"<p>C/ Caridad n&ordm; 1.<br /> Edificio Casa Moreno<br /> 30202 Cartagena<br /> Tlfno: 968 128 977<br /> E-mail: adle@ayto-cartagena.es</p> ";http://www.cartagena.es/adle;-0.9828654558197081;37.602.568.299.897.400;https://www.cartagena.es/callejero/accDescargarFotoMini.asp?foto=227;https://www.cartagena.es/callejero/verpunto.asp?id=245
https://www.cartagena.es/api/callejero/csv.asp?cat=41_1553;1553;IMSEL Los Nietos;"C/ Lobarro, s/n<br /> 30383 Rinc&oacute;n de San Gin&eacute;s, Los Nietos<br /> Tlfno: 968 133 662<br /> E-mail: servinietos@terra.es";https://www.cartagena.es/edificiosMunicipales_detalle.asp?id=113&texto=;-0.7824660588607912;3.764.789.021.932.750;;https://www.cartagena.es/callejero/verpunto.asp?id=1553
https://www.cartagena.es/api/callejero/csv.asp?cat=41_1554;1554;Laboratorio Municipal;"Plaza San Agust&iacute;n<br /> 30201 Cartagena<br /> Tlfno: 968 529 964<br /> E-mail: laboratorio@ayto-cartagena.es";https://www.cartagena.es/edificiosMunicipales_detalle.asp?id=116&texto=;-0.9870806137951149;3.759.934.265.217.770;;https://www.cartagena.es/callejero/verpunto.asp?id=1554
https://www.cartagena.es/api/callejero/csv.asp?cat=41_1555;1555;Muralla de Carlos III  Puertas de San José;Plaza Bastarreche, s/n<br /> Muralla Carlos III<br /> 30200 Cartagena<br /> Tlfno: 968 521 427<br /> E-mail: infoturismo@ayto-cartagena.es;https://www.cartagena.es/edificiosMunicipales_detalle.asp?id=59&texto=;-0.9784144743255183;37.603.537.006.708.200;;https://www.cartagena.es/callejero/verpunto.asp?id=1555
https://www.cartagena.es/api/callejero/csv.asp?cat=41_1556;1556;Museo Arqueologico Municipal;"Ramon y Cajal, 45<br /> 30204 Cartagena<br /> Tlfno: 968 128 967<br /> &nbsp;";https://museoarqueologico.cartagena.es/;-0.9936999000000242;376.153.401;;https://www.cartagena.es/callejero/verpunto.asp?id=1556
https://www.cartagena.es/api/callejero/csv.asp?cat=41_1561;1561;OMITA Canteras;C/ Puente esquina con C/ Carrascalejo, s/n<br /> 30394 Canteras<br /> Tlfno: 968 553 029<br /> E-mail: canteras@ayto-cartagena.es;http://www.cartagena.es/omitas;-10.422.100.266.395.000;3.761.199.571.491.380;;https://www.cartagena.es/callejero/verpunto.asp?id=1561
https://www.cartagena.es/api/callejero/csv.asp?cat=41_1563;1563;OMITA El Algar;"C/ Pi&ntilde;ero, 1<br /> 30366 El Algar<br /> Tlfno: 968 136 737<br /> E-mail: ElAlgar@ayto-cartagena.es<br /> &nbsp;";http://www.cartagena.es/omitas;-0.8666288972307257;3.764.750.577.458.320;;https://www.cartagena.es/callejero/verpunto.asp?id=1563
https://www.cartagena.es/api/callejero/csv.asp?cat=41_1584;1584;Pabellón IES Las Salinas;Avenida el Viviero, s/n<br /> 30370 Rincon de San Gines, La Manga del Mar Menor<br /> Tlfno: 968 337 207<br /> E-mail: 30012896@educarm.es;https://www.cartagena.es/edificiosMunicipales_detalle.asp?id=69&texto=;-0.7210927999999512;376.397.494;;https://www.cartagena.es/callejero/verpunto.asp?id=1584
https://www.cartagena.es/api/callejero/csv.asp?cat=41_1517;1517;C.A.I. La Aljorra;Gestionado por Angel de la Guarda<br /> <br /> Saguntum, 2, bajo<br /> 30390 La Aljorra<br /> Tlfno: 968 558 562<br /> E-mail: m_josecosta@hotmail.com;https://www.cartagena.es/edificiosMunicipales_listado.asp;-10.776.785.000.000.400;376.910.746;;https://www.cartagena.es/callejero/verpunto.asp?id=1517
https://www.cartagena.es/api/callejero/csv.asp?cat=41_1518;1518;C.A.I. La Palma;"Gestionado por M&ordf; Josefa Moreno Garc&iacute;a<br /> <br /> Nectarina, s/n<br /> 30593 La Palma<br /> Tlfno: 616 343 767";https://www.cartagena.es/edificiosMunicipales_listado.asp;-0.9536183389866437;3.768.596.150.484.420;;https://www.cartagena.es/callejero/verpunto.asp?id=1518
https://www.cartagena.es/api/callejero/csv.asp?cat=41_1519;1519;C.A.I. La Vaguada;"Gestionado por Educaci&oacute;n Inicial Preescolar, S.L.<br /> <br /> Cuzco, 1<br /> 30394 Cartagena<br /> Tlfno: 633 203 534";https://www.cartagena.es/edificiosMunicipales_listado.asp;-10.231.392.119.303.500;3.761.558.751.346.490;;https://www.cartagena.es/callejero/verpunto.asp?id=1519
https://www.cartagena.es/api/callejero/csv.asp?cat=41_1520;1520;Casa de Juventud  Barrio Peral;Doctor Serrano, 3<br /> 30300 San Antonio Abad, Barrio de Peral;https://www.cartagena.es/edificiosMunicipales_detalle.asp?id=33&texto=;-0.9904338999999709;3.762.422.110.000.000;;https://www.cartagena.es/callejero/verpunto.asp?id=1520
https://www.cartagena.es/api/callejero/csv.asp?cat=41_1521;1521;Casa de Juventud  Ensanche Armaljal;Ronda Ferrol, s/n<br /> 30203 Cartagena;https://www.cartagena.es/edificiosMunicipales_detalle.asp?id=30&texto=;-0.9821431607132354;37.613.453.087.783.500;;https://www.cartagena.es/callejero/verpunto.asp?id=1521
https://www.cartagena.es/api/callejero/csv.asp?cat=41_1522;1522;C.E.I.P. Luis Vives  El Albujón;"Pasaje La Ermita, 17<br /> El Albuj&oacute;n";https://www.cartagena.es/edificiosMunicipales_detalle.asp?id=176&texto=;-10.427.737.315.715.100;3.771.455.991.979.850;;https://www.cartagena.es/callejero/verpunto.asp?id=1522
https://www.cartagena.es/api/callejero/csv.asp?cat=41_1523;1523;C.E.I.P. Vicente Ros;Carmen Conde 48<br /> 30204 Cartagena;https://www.cartagena.es/edificiosMunicipales_detalle.asp?id=178&texto=;-0.992016299999932;376.185.853;;https://www.cartagena.es/callejero/verpunto.asp?id=1523
https://www.cartagena.es/api/callejero/csv.asp?cat=41_1526;1526;Centro Municipal de  Servicios Sociales Cartagena II;"Plaza Espa&ntilde;a, 2<br /> Edifciio 2001, 1&ordf; planta<br /> 30201 Cartagena<br /> Tlfno: 968 128 910<br /> E-mail: tcarpio@ayto-cartagena.es";https://www.cartagena.es/edificiosMunicipales_detalle.asp?id=94&texto=;-0.9914236922043074;3.760.549.949.393.480;;https://www.cartagena.es/callejero/verpunto.asp?id=1526
https://www.cartagena.es/api/callejero/csv.asp?cat=41_1527;1527;Centro Natación  Mediterráneo. Piscina;"Coral<br /> Urbanizaci&oacute;n Mediterr&aacute;neo<br /> 30310 Cartagena<br /> Tlfno: 968 539 629<br /> E-mail: info@cdmediterraneo.com";https://www.cartagena.es/edificiosMunicipales_detalle.asp?id=143&texto=;-10.034.528.999.999.500;376.227.138;;https://www.cartagena.es/callejero/verpunto.asp?id=1527
https://www.cartagena.es/api/callejero/csv.asp?cat=41_1559;1559;OMITA Alumbres;C/ Madrid esquina C/ Barcelona<br /> 30351 Alumbres<br /> Tlfno: 968 555 003<br /> E-mail: alumbres@ayto-cartagena.es;http://www.cartagena.es/omitas;-0.915707432616955;37.603.818.015.845.200;;https://www.cartagena.es/callejero/verpunto.asp?id=1559
https://www.cartagena.es/api/callejero/csv.asp?cat=41_1560;1560;OMITA Barrio Peral;C/ San Fulgencio, s/n<br /> 30300 San Antonio Abad, Barrio de Peral<br /> Tlfno: 968 519 405<br /> E-mail: Bperal@ayto-cartagena.es;http://www.cartagena.es/omitas;-0.9891020497227601;3.762.662.044.727.080;;https://www.cartagena.es/callejero/verpunto.asp?id=1560
https://www.cartagena.es/api/callejero/csv.asp?cat=41_1562;1562;OMITA El Albujón - Miranda;"Plaza Mayor, s/n<br /> 30330 El Albuj&oacute;n<br /> Tlfno: 968 160 010<br /> E-mail: albujon@ayto-cartagena.es";http://www.cartagena.es/omitas;-10.443.454.602.151.400;3.771.799.248.776.490;;https://www.cartagena.es/callejero/verpunto.asp?id=1562
https://www.cartagena.es/api/callejero/csv.asp?cat=41_1564;1564;OMITA El Llano del Beal;C/ Libertad, 8<br /> 30381 El Llano del Beal<br /> Tlfno: 968 546 569<br /> E-mail: ElLlano@ayto-cartagena.es;http://www.cartagena.es/omitas;-0.834961899990617;37.625.263.074.134.300;;https://www.cartagena.es/callejero/verpunto.asp?id=1564
https://www.cartagena.es/api/callejero/csv.asp?cat=41_1580;1580;Pabellón Colegio La Vaguada;"Avenida La Espa&ntilde;ola, 48<br /> 30310 Canteras<br /> Tlfno: 968 126 542<br /> E-mail: lavaguada@terra.es";https://www.cartagena.es/edificiosMunicipales_detalle.asp?id=65&texto=;-10.224.260.999.999.600;376.166.477;;https://www.cartagena.es/callejero/verpunto.asp?id=1580
https://www.cartagena.es/api/callejero/csv.asp?cat=41_1586;1586;Pabellón IES Jimenez Espada;Paseo Alfonso XIII, 4<br /> 30201 Cartagena<br /> Tlfno: 968 504 456;https://www.cartagena.es/edificiosMunicipales_detalle.asp?id=71&texto=;-0.9896380999999792;376.062.802;;https://www.cartagena.es/callejero/verpunto.asp?id=1586
https://www.cartagena.es/api/callejero/csv.asp?cat=41_1531;1531;Destacamento de Pozo  Estrecho (Policía Local);Emilio Ballester s/n<br /> 30594 Pozo Estrecho<br /> Tlfno: 968 166 363;https://www.cartagena.es/edificiosMunicipales_detalle.asp?id=154&texto=;-0.9917133000000149;377.117.094;;https://www.cartagena.es/callejero/verpunto.asp?id=1531
https://www.cartagena.es/api/callejero/csv.asp?cat=41_1574;1574;OMITA Los Dolores;C/ Jardines esquina C/ Rio Genil<br /> 30310 El Plan, Los Dolores<br /> Tlfno: 968 136 429<br /> E-mail: LosDolores@ayto-cartagena.es;http://www.cartagena.es/omitas;-10.082.701.962.257.900;376.412.370.657.395;;https://www.cartagena.es/callejero/verpunto.asp?id=1574
https://www.cartagena.es/api/callejero/csv.asp?cat=41_1536;1536;Escuela de Educación  Infantil La Milagrosa;C/ Sor Francisca Armendariz, 17<br /> 30202 Cartagena<br /> Tlfno: 968 5019 033;https://www.cartagena.es/edificiosMunicipales_detalle.asp?id=91&texto=;-0.9808978171940907;3.760.504.124.297.360;;https://www.cartagena.es/callejero/verpunto.asp?id=1536
https://www.cartagena.es/api/callejero/csv.asp?cat=41_1498;1498;ALA Bº de la Concepción;Subida a Vergel, 1<br /> 30205 Cartagena<br /> Tlfno: 968 514 708<br /> E-mail: alaconcepcion@ayto-cartagena.es;http://juventud.cartagena.es/informajoven/alas.asp;-0.9963073999999779;376.027.989;;https://www.cartagena.es/callejero/verpunto.asp?id=1498
https://www.cartagena.es/api/callejero/csv.asp?cat=41_1499;1499;ALA Bº Peral;Plaza Carmen de Peral, s/n<br /> 30300 San Antonio Abad, Barrio de Peral<br /> Tlfno: 968 311 530<br /> E-mail: bperal@alascartagena.com;http://juventud.cartagena.es/informajoven/alas.asp;-0.9889773141767364;3.762.635.171.522.380;;https://www.cartagena.es/callejero/verpunto.asp?id=1499
https://www.cartagena.es/api/callejero/csv.asp?cat=41_1500;1500;ALA Bda Virgen  de la Caridad ;Plaza Cronista Casal s/n<br /> 30203 Cartagena<br /> Tlfno: 968 503 568<br /> E-mail: virgencaridad@alascartagena.com;http://juventud.cartagena.es/informajoven/alas.asp;-0.9777521240852138;3.761.536.878.692.020;;https://www.cartagena.es/callejero/verpunto.asp?id=1500
https://www.cartagena.es/api/callejero/csv.asp?cat=41_1537;1537;Escuela de Educación  Infantil Pozo Estrecho;"Avda. Vasco Nu&ntilde;ez de Balboa (Ctra. de Miranda) esq. C/ Cormor&aacute;n, 2<br /> 30594 Pozo Estrecho<br /> Tlfno: 968 272 632 / 657 996 123<br /> E-mail: nuria@inaren.org / laura@inaren.org";https://www.cartagena.es/edificiosMunicipales_detalle.asp?id=160&texto=;-0.9968435907868525;3.771.033.294.725.000;;https://www.cartagena.es/callejero/verpunto.asp?id=1537
https://www.cartagena.es/api/callejero/csv.asp?cat=41_1539;1539;Escuela de Educación  Infantil Villalba;C/ Acebuche, s/n<br /> 30205 Cartagena<br /> Tlfno: 968 310 638;https://www.cartagena.es/edificiosMunicipales_detalle.asp?id=90&texto=;-10.108.868.789.714.000;3.761.058.537.441.040;;https://www.cartagena.es/callejero/verpunto.asp?id=1539
https://www.cartagena.es/api/callejero/csv.asp?cat=41_1571;1571;OMITA Perin;Carretera de Perin, s/n<br /> 30396 Perin<br /> Tlfno: 968 163 232<br /> E-mail: Perin@ayto-cartagena.es;http://www.cartagena.es/omitas;-11.195.381.246.948.200;37.619.268.184.460.300;;https://www.cartagena.es/callejero/verpunto.asp?id=1571
https://www.cartagena.es/api/callejero/csv.asp?cat=41_1572;1572;OMITA Pozo Estrecho;Avda. de la Fuente, s/n<br /> 30594 Pozo Estrecho<br /> Tlfno: 968 556 628<br /> E-mail: PozoEstrecho@ayto-cartagena.es;http://www.cartagena.es/omitas;-0.9970838000000413;377.112.923;;https://www.cartagena.es/callejero/verpunto.asp?id=1572
https://www.cartagena.es/api/callejero/csv.asp?cat=41_1588;1588;Pabellón San Antón;Avenida Nueva Cartagena, s/n<br /> 30205 San Antonio Abad<br /> Tlfno: 968 314 055;https://www.cartagena.es/edificiosMunicipales_detalle.asp?id=74&texto=;-10.037.633.700.446.800;3.762.013.559.930.430;;https://www.cartagena.es/callejero/verpunto.asp?id=1588
https://www.cartagena.es/api/callejero/csv.asp?cat=41_1508;1508;Biblioteca   Alfonso Carrión Inglés;Plaza del Taibilla 15<br /> 30594 Pozo Estrecho.Cartagena<br /> Tfno: 968 556 328<br /> Email: <a href='mailto:bibpozo@ayto-cartagena.es'>bibpozo@ayto-cartagena.es</a>;https://bibliotecas.cartagena.es/bibliotecas_municipales.asp?idbiblioteca=1;-0.9969459730163499;3.771.125.685.149.050;;https://www.cartagena.es/callejero/verpunto.asp?id=1508
https://www.cartagena.es/api/callejero/csv.asp?cat=41_1540;1540;Escuela de Educación  Infantil Virgen de la Caridad;C/ Santa Monica, s/n<br /> 30203 Cartagena<br /> Tlfno: 968 529 364;https://www.cartagena.es/edificiosMunicipales_detalle.asp?id=86&texto=;-0.9807462698017844;3.761.618.968.888.480;;https://www.cartagena.es/callejero/verpunto.asp?id=1540
https://www.cartagena.es/api/callejero/csv.asp?cat=41_1550;1550;Oficina de Turismo de  La Manga del Mar Menor;"Urbanizaci&oacute;n Las Almoladeras, km 0<br /> 30370 La Manga, Cartagena<br /> Tlfno: 968 146 136<br /> E-mail: info902@marmenor.net";https://www.cartagena.es/edificiosMunicipales_detalle.asp?id=144&texto=;-0.7081458433502803;3.763.528.481.975.320;;https://www.cartagena.es/callejero/verpunto.asp?id=1550
https://www.cartagena.es/api/callejero/csv.asp?cat=41_1565;1565;OMITA Isla Plana - La Azohía;Plaza del Mar, 4<br /> 30868 Los Puertos, Isla Plana<br /> Tlfno: 968 152 134<br /> E-mail: IslaPlana@ayto-cartagena.es;http://www.cartagena.es/omitas;-1.210.401.262.239.880;3.757.486.229.185;;https://www.cartagena.es/callejero/verpunto.asp?id=1565
https://www.cartagena.es/api/callejero/csv.asp?cat=41_1566;1566;OMITA La Aljorra;"C/ Conciliaci&oacute;n, 20<br /> 30390 La Aljorra<br /> Tlfno: 968 164 210<br /> E-mail: LaAljorra@ayto-cartagena.es";http://www.cartagena.es/omitas;-10.688.946.340.287.600;37.690.967.953.349.400;;https://www.cartagena.es/callejero/verpunto.asp?id=1566
https://www.cartagena.es/api/callejero/csv.asp?cat=41_1589;1589;Pabellón Santa Lucía;"C/ Do&ntilde;a Constanza, 2<br /> 30202 Santa Luc&iacute;a<br /> Tlfno: 968 527 153";https://www.cartagena.es/edificiosMunicipales_detalle.asp?id=75&texto=;-0.9666532209407706;37.600.738.475.791.700;;https://www.cartagena.es/callejero/verpunto.asp?id=1589
https://www.cartagena.es/api/callejero/csv.asp?cat=41_1597;1597;Parque Educación Vial;C/ Angel Bruna, 51<br /> 30300 Cartagena<br /> Tlfno: 968 313 157;https://www.cartagena.es/edificiosMunicipales_detalle.asp?id=145&texto=;-0.9850701000000299;376.129.285;;https://www.cartagena.es/callejero/verpunto.asp?id=1597
https://www.cartagena.es/api/callejero/csv.asp?cat=41_1598;1598;Piscina Pozo Estrecho;Carretera Miranda, s/n<br /> 30594 Pozo Estrecho<br /> Tlfno: 968 556 357;https://www.cartagena.es/edificiosMunicipales_detalle.asp?id=81&texto=;-1.000.349.599.999.930;377.056.227;;https://www.cartagena.es/callejero/verpunto.asp?id=1598
https://www.cartagena.es/api/callejero/csv.asp?cat=41_1599;1599;Piscina Casa Juventud;C/ JImenez de la Espada, s/n<br /> 30203 Cartagena<br /> Tlfno: 968 503 400;https://www.cartagena.es/edificiosMunicipales_detalle.asp?id=142&texto=;-0.9803971390990682;3.760.779.888.335.310;;https://www.cartagena.es/callejero/verpunto.asp?id=1599
https://www.cartagena.es/api/callejero/csv.asp?cat=41_1603;1603;Pista Atletismo;Ronda de Ferol, s/n<br /> 30203 Cartagena<br /> Tlfno: 968 122 801;https://www.cartagena.es/edificiosMunicipales_detalle.asp?id=79&texto=;-0.9807224999999562;376.108.157;;https://www.cartagena.es/callejero/verpunto.asp?id=1603
https://www.cartagena.es/api/callejero/csv.asp?cat=41_1604;1604;Telecentro La Puebla;Marques de la Ensenada, s/n<br /> 30395 Lentiscar, La Puebla<br /> Tlfno: 968 168 047<br /> E-mail: lapuebla@alascartagena.com;https://juventud.cartagena.es/informajoven/alas.asp;-0.9196582544309422;3.771.821.011.671.680;;https://www.cartagena.es/callejero/verpunto.asp?id=1604
https://www.cartagena.es/api/callejero/csv.asp?cat=41_1528;1528;Destacamento de Cabo  de Palos- La Manga (Policía Local);Subida al Faro s/n<br /> 30370 Rincon de San Gines, Cabo de Palos<br /> Tlfno: 968 337 300;https://www.cartagena.es/edificiosMunicipales_detalle.asp?id=155&texto=;-0.7033016999999973;376.334.039;;https://www.cartagena.es/callejero/verpunto.asp?id=1528
https://www.cartagena.es/api/callejero/csv.asp?cat=41_1529;1529;Destacamento de  El Algar (Policía Local);Mandril esquina con calle Hinojo<br /> 30363 El Algar<br /> Tlfno: 968 136 847;https://www.cartagena.es/edificiosMunicipales_detalle.asp?id=156&texto=;-0.8632252733548285;3.764.871.337.100.120;;https://www.cartagena.es/callejero/verpunto.asp?id=1529
https://www.cartagena.es/api/callejero/csv.asp?cat=41_1552;1552;IMSEL La Manga;"Gran V&iacute;a La Manga, 2<br /> 30380 Rinc&oacute;n de San Gin&eacute;s, La Manga del Mar Menor<br /> Tlfno: 968 563 355<br /> E-mail: servilitoral@ayto-cartagena.es";https://www.cartagena.es/edificiosMunicipales_detalle.asp?id=112&texto=;-0.7145468176009899;3.764.367.034.793.360;;https://www.cartagena.es/callejero/verpunto.asp?id=1552
https://www.cartagena.es/api/callejero/csv.asp?cat=41_1602;1602;Piscina Pozo Estrecho;Carretera Miranda, s/n<br /> 30594 Pozo Estrecho<br /> Tlfno: 968 556 357;https://www.cartagena.es/edificiosMunicipales_detalle.asp?id=167&texto=;-1.000.349.599.999.930;377.056.227;;https://www.cartagena.es/callejero/verpunto.asp?id=1602
https://www.cartagena.es/api/callejero/csv.asp?cat=41_1558;1558;Oficina Municipal de Información  al Consumidor, La Manga. OMIC;"Gran V&iacute;a, s/n, km1. Pza. de Europa, Edif.<br /> 30380 Rincon de San Gines, La Manga del Mar Menor<br /> Tlfno: 968 146 099<br /> E-mail: consumolamanga@ayto-cartagena.es";http://www.cartagena.es/consumo;-0.7276317631128677;3.766.567.269.621.860;;https://www.cartagena.es/callejero/verpunto.asp?id=1558
https://www.cartagena.es/api/callejero/csv.asp?cat=41_1570;1570;OMITA Molinos Marfagones;Carretera Canteras, 14<br /> 30393 La Magdalena, Molinos Marfagones<br /> Tlfno: 968 168 808<br /> E-mail: Molinos@ayto-cartagena.es;http://www.cartagena.es/omitas;-10.464.899.999.999.400;376.287.219;;https://www.cartagena.es/callejero/verpunto.asp?id=1570
https://www.cartagena.es/api/callejero/csv.asp?cat=41_1513;1513;Biblioteca  Mercado de Santa Florentina;"C/ Juan Fern&aacute;ndez s/n<br /> 30304 Cartagena<br /> Tfno: 968 123 376<br /> E-Mail: bibmercado@ayto-cartagena.es";https://bibliotecas.cartagena.es/bibliotecas_municipales.asp?idbiblioteca=61;-0.9874481122726397;3.760.619.447.881.560;;https://www.cartagena.es/callejero/verpunto.asp?id=1513
https://www.cartagena.es/api/callejero/csv.asp?cat=41_1594;1594;P.A.I. La Aparecida;"Gestionado por: Educaci&oacute;n Inicial Preescolar S.L.<br /> C/ Torno, esquina C/ Arbolete<br /> 30395 La Palma, La Aparecida<br /> Tlfno: 968 165 744<br /> E-mail: pai.aparecida@hotmail.es";https://www.cartagena.es/edificiosMunicipales_detalle.asp?id=148&texto=;-0.9560204024580798;3.766.668.775.527.540;;https://www.cartagena.es/callejero/verpunto.asp?id=1594
https://www.cartagena.es/api/callejero/csv.asp?cat=41_1581;1581;Pabellón El Algar;Avenida Las Lomas, 46<br /> 30366 El Algar<br /> Tlfno: 968 136 311;https://www.cartagena.es/edificiosMunicipales_detalle.asp?id=66&texto=;-0.8606984000000466;376.514.266;;https://www.cartagena.es/callejero/verpunto.asp?id=1581
https://www.cartagena.es/api/callejero/csv.asp?cat=41_647;647;Organismo Autónomo  de Gestión Recaudatoria  de Cartagena;"<p> C/ Jara, n&ordm; 7<br /> 30202 Cartagena<br /> Tlfno: +34 968 128 980<br /> Fax: +34 968 123 229<br /> E-mail: <a href='mailto:correo@oagrc.com'>correo@oagrc.com</a></p> ";http://www.oagrc.es/portal/faces/app/inicio.jspx;-0.9847947424301173;37.600.901.260.146.700;;https://www.cartagena.es/callejero/verpunto.asp?id=647
https://www.cartagena.es/api/callejero/csv.asp?cat=41_1532;1532;Destacamento Policía  Local (Centro) ;Plaza de la Merced, 2<br /> 30202 Cartagena;https://www.cartagena.es/edificiosMunicipales_detalle.asp?id=175&texto=;-0.9815594910494383;3.760.268.433.583.080;;https://www.cartagena.es/callejero/verpunto.asp?id=1532
https://www.cartagena.es/api/callejero/csv.asp?cat=41_1576;1576;Pabellón Molinos Marfagones;C/ Puerto Hispania s/n<br /> 30393 La Magdalena, Molinos Marfagones<br /> Tlfno: 968 168 660;https://www.cartagena.es/edificiosMunicipales_detalle.asp?id=70&texto=;-10.455.021.999.999.800;376.305.823;;https://www.cartagena.es/callejero/verpunto.asp?id=1576
https://www.cartagena.es/api/callejero/csv.asp?cat=41_646;646;Centro Integral de Tráfico  y Atención al Ciudadano;<p>Paseo de Alfonso XIII, 20 Bajo.<br /> Edificio Regidor.<br /> 30201 Cartagena<br /> Tlfno: 968 526 268<br /> Fax: 968 522 635<br /> Email: <a href='mailto:trafico@ayto-cartagena.es'>trafico@ayto-cartagena.es</a></p> ;https://www.cartagena.es/edificiosMunicipales_detalle.asp?id=58&texto=;-0.9852190878356914;3.760.653.710.120.800;;https://www.cartagena.es/callejero/verpunto.asp?id=646
https://www.cartagena.es/api/callejero/csv.asp?cat=41_1568;1568;OMITA La Palma;"Plaza Garc&iacute;a Vaso, 4<br /> 30593 La Palma<br /> Tlfno: 968 165 316<br /> E-mail: LaPalma@ayto-cartagena.es";http://www.cartagena.es/omitas;-0.9635103156310834;37.689.610.633.954.300;;https://www.cartagena.es/callejero/verpunto.asp?id=1568
https://www.cartagena.es/api/callejero/csv.asp?cat=41_1569;1569;OMITA La Puebla - La Aparecida;C/ Camino Romano, s/n<br /> 30395 Lentiscar, La Puebla<br /> Tlfno: 968 559 129<br /> E-mail: LaPuebla@ayto-cartagena.es;http://www.cartagena.es/omitas;-0.9220007692817944;37.718.177.968.149.200;;https://www.cartagena.es/callejero/verpunto.asp?id=1569
https://www.cartagena.es/api/callejero/csv.asp?cat=41_1575;1575;Pabellón Central;C/ Wssell de Guimbarda, 46<br /> 30204 Cartagena<br /> Tlfno: 968 128 900<br /> E-mail: pmd_ct@inicia.es;https://www.cartagena.es/edificiosMunicipales_detalle.asp?id=63&texto=;-0.9862896611324459;3.761.371.631.765.880;;https://www.cartagena.es/callejero/verpunto.asp?id=1575
https://www.cartagena.es/api/callejero/csv.asp?cat=41_1577;1577;Pabellón Barrio peral;C/ Lugo, s/n<br /> 30300 San Antonio Abad, Barrio de Peral<br /> Tlfno: 968 531 120;https://www.cartagena.es/edificiosMunicipales_detalle.asp?id=61&texto=;-0.9916544000000158;376.238.789;;https://www.cartagena.es/callejero/verpunto.asp?id=1577
https://www.cartagena.es/api/callejero/csv.asp?cat=41_1585;1585;Pabellón IES Los Molinos;Calle Beriso, s/n<br /> 30300 Cartagena;https://www.cartagena.es/edificiosMunicipales_detalle.asp?id=73&texto=;-0.9825897000000623;37.629.044;;https://www.cartagena.es/callejero/verpunto.asp?id=1585
https://www.cartagena.es/api/callejero/csv.asp?cat=41_1591;1591;Pabellón Tenis de Mesa;"C/ Lugo, s/n<br /> 30300 El Plan, Barriada Cuatro Santos<br /> Tlfno: 968 531 120<br /> &nbsp;";https://www.cartagena.es/edificiosMunicipales_detalle.asp?id=76&texto=;-0.9917883383707249;3.762.429.384.708.620;;https://www.cartagena.es/callejero/verpunto.asp?id=1591
https://www.cartagena.es/api/callejero/csv.asp?cat=41_1541;1541;Estadio Municipal  Cartagonova;C/ Doctor Luis Calandre s/n<br /> 30203 Cartagena<br /> Tlfno: 968 529 603<br /> E-mail: fccartagena@telefonica.net;https://www.cartagena.es/edificiosMunicipales_detalle.asp?id=64&texto=;-0.9960535000000164;376.097.329;;https://www.cartagena.es/callejero/verpunto.asp?id=1541
https://www.cartagena.es/api/callejero/csv.asp?cat=41_1587;1587;Pabellón Los Dolores ;C/ Pirineo, s/n<br /> 30310 El Plan, Los Dolores<br /> Tlfno: 968 514 015;https://www.cartagena.es/edificiosMunicipales_detalle.asp?id=72&texto=;-10.012.795.045.432.700;3.763.722.712.469.340;;https://www.cartagena.es/callejero/verpunto.asp?id=1587
https://www.cartagena.es/api/callejero/csv.asp?cat=41_1605;1605;Telecentro Perin;Carretera de Mazarron, s/n<br /> 30396 Perin<br /> Tlfno: 968 163 232<br /> E-mail: perin@alascartagena.com;http://juventud.cartagena.es/informajoven/alas.asp;-11.201.577.424.258.100;3.762.208.987.210.070;;https://www.cartagena.es/callejero/verpunto.asp?id=1605
https://www.cartagena.es/api/callejero/csv.asp?cat=41_674;674;Escuela Municipal de Teatro;<p>C/ Lope de Rueda esquina Carlos III.<br /> 30203 Cartagena<br /> Tlfno: 968 128 859<br /> E-mail: <a href='mailto:jose_salguero_colmena@hotmail.com'>jose_salguero_colmena@hotmail.com</a></p> ;http://www.escuelamunicipalteatrocartagena.com/;-0.9772528908767653;3.760.591.492.657.050;;https://www.cartagena.es/callejero/verpunto.asp?id=674
https://www.cartagena.es/api/callejero/csv.asp?cat=41_1504;1504;ALA Juventud;Paseo Alfonso XII, 53<br /> 30203 Cartagena<br /> Tlfno: 968 526 888<br /> E-mail: alajuventud@ayto-cartagena.es;http://juventud.cartagena.es/informajoven/alas.asp;-0.9806266000000505;376.071.239;;https://www.cartagena.es/callejero/verpunto.asp?id=1504
https://www.cartagena.es/api/callejero/csv.asp?cat=41_1505;1505;ALA La Aljorra;"Gaspar de P&oacute;rtola, s/n<br /> 30390 Cartagena<br /> Tlfno: 968 558 035<br /> E-mail: alaaljorra@ayto-cartagena.es";http://juventud.cartagena.es/informajoven/alas.asp;-10.661.967.789.442.300;37.692.290.501.998.300;;https://www.cartagena.es/callejero/verpunto.asp?id=1505
https://www.cartagena.es/api/callejero/csv.asp?cat=41_1506;1506;ALA La Palma;Alberto Colao, 15<br /> 30593 La Palma<br /> Tlfno: 968 165 585<br /> E-mail: alalpalma@ayto-cartagena.es;http://juventud.cartagena.es/informajoven/alas.asp;-0.9606482818511495;3.769.062.682.771.960;;https://www.cartagena.es/callejero/verpunto.asp?id=1506
https://www.cartagena.es/api/callejero/csv.asp?cat=41_1507;1507;ALA Los Barreros;Camino Viejo de Pozo Estrecho, 90<br /> 30310 Los Barreros<br /> Tlfno: 968 514 706<br /> E-mail: alabarreros@ayto-cartagena.es;http://juventud.cartagena.es/informajoven/alas.asp;-0.9996235425539908;37.627.427.767.483.500;;https://www.cartagena.es/callejero/verpunto.asp?id=1507
https://www.cartagena.es/api/callejero/csv.asp?cat=41_1509;1509;Biblioteca Francisco   Martínez Hernández ;C/ Manuel Bobadilla, s/n.<br /> 30593 La Palma. Cartagena<br /> Tfno: 968 165 873<br /> E-mail: biblapalma@ayto-cartagena.es;https://bibliotecas.cartagena.es/bibliotecas_municipales.asp?idbiblioteca=23; -0.9674982726573944;37.688.995.264.366.300;;https://www.cartagena.es/callejero/verpunto.asp?id=1509
https://www.cartagena.es/api/callejero/csv.asp?cat=41_1510;1510;Biblioteca de La Aljorra ;"C/ Conciliaci&oacute;n, 20.<br /> 30390 La Aljorra. Cartagena<br /> Tfno: 968 164 100<br /> E-mail: bibaljorra@ayto-cartagena.es";https://bibliotecas.cartagena.es/bibliotecas_municipales.asp?idbiblioteca=21;-10.696.048.350.647.000;37.690.705.473.784.600;;https://www.cartagena.es/callejero/verpunto.asp?id=1510
https://www.cartagena.es/api/callejero/csv.asp?cat=41_1511;1511;Biblioteca de La Manga ;"Av Gran V&iacute;a, 170, edif. del Centro de Salud.<br /> 30380&nbsp; La Manga del Mar Menor. Cartagena<br /> Tfno: 968 141 608<br /> E-mail: bibmanga@ayto-cartagena.es"; https://bibliotecas.cartagena.es/bibliotecas_municipales.asp?idbiblioteca=22; -0.7211387250778323;3.765.718.428.927.550;;https://www.cartagena.es/callejero/verpunto.asp?id=1511
https://www.cartagena.es/api/callejero/csv.asp?cat=41_1512;1512;Biblioteca  Manuel Puig Campillo ;"Calle San Fulgencio, S/N<br /> 30300 B&ordm; de Peral, Cartagena<br /> Tfno: 968 311 103<br /> Email: bibperal@ayto-cartagena.es";https://bibliotecas.cartagena.es/bibliotecas_municipales.asp?idbiblioteca=41;-0.9890091579193072;3.762.635.288.750.940;;https://www.cartagena.es/callejero/verpunto.asp?id=1512
https://www.cartagena.es/api/callejero/csv.asp?cat=41_1525;1525;Centro Municipal de  Servicios Sociales Cartagena I;Gisbert 4<br /> Edificio Las Graduadas<br /> 30202 Cartagena<br /> Tlfno: 968 128 826<br /> E-mail: prevencion1.ssociales@ayto-cartagena.es;https://www.cartagena.es/edificiosMunicipales_detalle.asp?id=100&texto=;-0.9817303059556934;3.760.141.096.064.710;;https://www.cartagena.es/callejero/verpunto.asp?id=1525
https://www.cartagena.es/api/callejero/csv.asp?cat=41_1533;1533;Escuela de Educación  Infantil Bambi;C/ Mejorana, 2<br /> 30366 El Algar<br /> Tlfno: 968 136 837;https://www.cartagena.es/edificiosMunicipales_detalle.asp?id=92&texto=;-0.8620394690115063;37.648.415.788.476.600;;https://www.cartagena.es/callejero/verpunto.asp?id=1533
https://www.cartagena.es/api/callejero/csv.asp?cat=41_1557;1557;Oficina Municipal de Información  al Consumidor, Los Dolores. OMIC;"Casa &Aacute;rabe C/ Jardines Esq C/Rio Genil.<br /> 30310 El Plan, Los Dolores<br /> Tlfno: 968 315 992<br /> E-mail: consumolosdolores@ayto-cartagena.es";https://www.cartagena.es/plantillas/13.asp?pt_idpag=885;-10.082.901.640.710.100;3.764.127.527.427.680;;https://www.cartagena.es/callejero/verpunto.asp?id=1557
https://www.cartagena.es/api/callejero/csv.asp?cat=41_1222;1222;Concejalía de la Juventud. Casa de la Juventud;"<p>Paseo Alfonso XIII, n&ordm; 51<br /> Cartagena<br /> Tel&eacute;fono: 968 128 862</p> ";https://juventud.cartagena.es/;-0.9810233116149902;3.760.711.339.723.670;;https://www.cartagena.es/callejero/verpunto.asp?id=1222
https://www.cartagena.es/api/callejero/csv.asp?cat=41_1381;1381;Centro Ocupacional Canteras;"C\ Mayor, n&ordm; 146<br /> CP: 30394<br /> Tlf: 968 53 83 50";https://www.cartagena.es/edificiosMunicipales_listado.asp;-1.048.142.910.003.660;3.761.225.749.787.600;;https://www.cartagena.es/callejero/verpunto.asp?id=1381
https://www.cartagena.es/api/callejero/csv.asp?cat=41_1524;1524;Centro Juvenil  de Canteras;Mayor 148-149<br /> 30394 Cartagena<br /> Tlfno: 968 553 067;https://www.cartagena.es/edificiosMunicipales_detalle.asp?id=173&texto=;-10.478.837.000.000.500;376.115.166;;https://www.cartagena.es/callejero/verpunto.asp?id=1524
https://www.cartagena.es/api/callejero/csv.asp?cat=41_1516;1516;C.A.I. El Albujón ;"Gestionado por Educaci&oacute;n Inicial Preescolar SL.<br /> <br /> Sierra Grazalema, s/n<br /> 30330 Albujon<br /> Tlfno: 968 138 802<br /> E-mail: cai.albujon@hotmail.com<br /> &nbsp;";https://www.cartagena.es/edificiosMunicipales_detalle.asp?id=147&texto=;-10.475.560.100.622.900;37.717.447.432.533.400;;https://www.cartagena.es/callejero/verpunto.asp?id=1516
https://www.cartagena.es/api/callejero/csv.asp?cat=41_1544;1544;Espacio de Ocio  de Miranda;C/ Campoamor. Bda Santiago<br /> 30319 Miranda<br /> Tlfno: 968 128 910<br /> E-mail: prevencion2.ssociales@ayto-cartagena.es;https://www.cartagena.es/edificiosMunicipales_detalle.asp?id=165&texto=;-10.225.689.000.000.100;376.773.672;;https://www.cartagena.es/callejero/verpunto.asp?id=1544
https://www.cartagena.es/api/callejero/csv.asp?cat=41_1545;1545;Espacio de ocio de  Las Lomas del Albujón ;"C/ Plaza Pr&iacute;ncipe Felipe s/n<br /> 30330 Albuj&oacute;n, Las Lomas<br /> Tlfno: 968 128 910<br /> E-mail: prevencion2.ssociales@ayto-cartagena.es";https://www.cartagena.es/edificiosMunicipales_detalle.asp?id=163&texto=;-1.049.383.129.208.870;37.704.377.733.105.200;;https://www.cartagena.es/callejero/verpunto.asp?id=1545
https://www.cartagena.es/api/callejero/csv.asp?cat=41_1546;1546;Espacio de Ocio de  El Estrecho de San Ginés;"C/ Mu&ntilde;oz Delgado, s/n<br /> 30381 Beal, El Estrecho de San Gin&eacute;s<br /> Tlfno: 968 128 826<br /> E-mail: prevencion1.ssociales@ayto-cartagena.es";https://www.cartagena.es/edificiosMunicipales_detalle.asp?id=103&texto=;-0.8288674217624248;3.762.953.337.653.700;;https://www.cartagena.es/callejero/verpunto.asp?id=1546
https://www.cartagena.es/api/callejero/csv.asp?cat=41_1547;1547;Espacio de Ocio de Bda  Cuatro Santos;"C/ &Aacute;lava, 19<br /> 30300 El Plan, Barriada Cuatro Santos<br /> Tlfno: 968 128 910<br /> E-mail: prevencion2.ssociales@ayto-cartagena.es";https://www.cartagena.es/edificiosMunicipales_detalle.asp?id=162&texto=;-0.9944702000000234;37.625.397;;https://www.cartagena.es/callejero/verpunto.asp?id=1547
https://www.cartagena.es/api/callejero/csv.asp?cat=41_1583;1583;Pabellón IES Colegio Spartaria;C/ Manuel Bobadilla, 53<br /> 30593 La Palma<br /> Tlfno: 968 554 180<br /> E-mail: delapalm@centros6.pntic.mec.es;https://www.cartagena.es/edificiosMunicipales_detalle.asp?id=68&texto=;-0.9678476000000273;376.886.002;;https://www.cartagena.es/callejero/verpunto.asp?id=1583
https://www.cartagena.es/api/callejero/csv.asp?cat=41_1600;1600;Piscina La Aljorra;C/ Americo Vespucio, s/n<br /> 30390 La Aljorra<br /> Tlfno: 968 164 380;https://www.cartagena.es/edificiosMunicipales_detalle.asp?id=168&texto=;-10.631.988.000.000.000;376.921.798;;https://www.cartagena.es/callejero/verpunto.asp?id=1600
https://www.cartagena.es/api/callejero/csv.asp?cat=41_1582;1582;Pabellón IES Ben Arabi;C/ Antonio Laurel, 4<br /> 30300 Cartagena<br /> Tlfno: 968 313 130<br /> E-mail: benarabi@centros5.pntic.mec.es;https://www.cartagena.es/edificiosMunicipales_detalle.asp?id=67&texto=;-0.988010700000018;376.170.778;;https://www.cartagena.es/callejero/verpunto.asp?id=1582
https://www.cartagena.es/api/callejero/csv.asp?cat=41_1596;1596;Parque de Seguridad Ciudadana;"Carretera Cartagena - La Uni&oacute;n km 1,4<br /> 30202 Hondon, Media Legua<br /> Tlfno: 968 128 877<br /> E-mail: policia.local@ayto-cartagena.es";https://www.cartagena.es/edificiosMunicipales_detalle.asp?id=57&texto=;-0.9585541000000148;3.760.704.140.000.000;;https://www.cartagena.es/callejero/verpunto.asp?id=1596
https://www.cartagena.es/api/callejero/csv.asp?cat=41_1515;1515;Biblioteca Rafael Rubio;"C/ Juan Garc&iacute;a S/N.<br /> 30310 Los Dolores. Cartagena.<br /> Tfno: 968 312 864<br /> E-mail: bibdolores@ayto-cartagena.es";https://bibliotecas.cartagena.es/bibliotecas_municipales.asp?idbiblioteca=24;-1.001.122.674.496.460;3.764.062.746.036.760;;https://www.cartagena.es/callejero/verpunto.asp?id=1515
https://www.cartagena.es/api/callejero/csv.asp?cat=41_1542;1542;Espacio de Ocio  Santa Lucía;"Traves&iacute;a Monroy, 2.<br /> Sede de la Federaci&oacute;n de Asociaciones de Vecinos<br /> 30202 Santa Luc&iacute;a, Cartagena<br /> Tlfno: 968 128 826<br /> E-mail: prevencion1.ssociales@ayto-cartagena.es";https://www.cartagena.es/edificiosMunicipales_detalle.asp?id=64&texto=;-0.9700203856191365;3.759.832.937.282.070;;https://www.cartagena.es/callejero/verpunto.asp?id=1542
https://www.cartagena.es/api/callejero/csv.asp?cat=41_1543;1543;Espacio de Ocio  de San Antón;"Plaza de la Iglesia. Sal&oacute;n parroquial<br /> 30300 San Antonio Abad<br /> Tlfno: 968 128 910<br /> E-mail: prevencion2.ssociales@ayto-cartagena.es";https://www.cartagena.es/edificiosMunicipales_detalle.asp?id=164&texto=;-0.9976790416496897;37.628.154.022.636.400;;https://www.cartagena.es/callejero/verpunto.asp?id=1543
https://www.cartagena.es/api/callejero/csv.asp?cat=41_1621;1621;Vivero de Empresas;"<br /> Plaza Severo Ochoa. Parque Comercial Mandarache. 30205 Cartagena.<br /> Tlfnos.: 968051010052 / 968 12 88 21<br /> Correo Electr&oacute;nico: viveroempresas@ayto-cartagena.es";;-0.9812448233431041;37.617.972.704.894.600;;https://www.cartagena.es/callejero/verpunto.asp?id=1621
